node_label	count0	count1	count2	topo0	topo1	topo2
QS2	1000	0	0	((QUvaseyana_P002_WC11_A,TRdoichangensis_trans),(CPcalathiformis_trans,CTpumila_trans));	((QUvaseyana_P002_WC11_A,CPcalathiformis_trans),(TRdoichangensis_trans,CTpumila_trans));	((QUvaseyana_P002_WC11_A,CTpumila_trans),(CPcalathiformis_trans,TRdoichangensis_trans));
QS3	1000	0	0	((CTsativa_trans,LOgraciliformis_P012_WB07_SP),(CPorthacantha_trans,CPcalathiformis_trans));	((CTsativa_trans,CPorthacantha_trans),(LOgraciliformis_P012_WB07_SP,CPcalathiformis_trans));	((CTsativa_trans,CPcalathiformis_trans),(CPorthacantha_trans,LOgraciliformis_P012_WB07_SP));
QS4	185	0	0	((CPcalathiformis_trans,CYtiaoloshanica_P001_WD07_A),(CPdelavayi_trans,CPorthacantha_trans));	((CPcalathiformis_trans,CPdelavayi_trans),(CYtiaoloshanica_P001_WD07_A,CPorthacantha_trans));	((CPcalathiformis_trans,CPorthacantha_trans),(CPdelavayi_trans,CYtiaoloshanica_P001_WD07_A));
QS5	1000	0	0	((CPdelavayi_trans,CYxanthoclada_P002_WF03_A),(CTsativa_trans,CTpumila_trans));	((CPdelavayi_trans,CTsativa_trans),(CYxanthoclada_P002_WF03_A,CTpumila_trans));	((CPdelavayi_trans,CTpumila_trans),(CTsativa_trans,CYxanthoclada_P002_WF03_A));
QS6	185	0	0	((CTpumila_trans,LOnixoniana_P011_WE11_A),(CTsativa_trans,CThenryi_trans));	((CTpumila_trans,CTsativa_trans),(LOnixoniana_P011_WE11_A,CThenryi_trans));	((CTpumila_trans,CThenryi_trans),(CTsativa_trans,LOnixoniana_P011_WE11_A));
QS7	998	0	2	((CTsativa_trans,TRdoichangensis_trans),(CYlobbii_P004_WD03_A,LPhenryi_P020_WA08));	((CTsativa_trans,CYlobbii_P004_WD03_A),(TRdoichangensis_trans,LPhenryi_P020_WA08));	((CTsativa_trans,LPhenryi_P020_WA08),(CYlobbii_P004_WD03_A,TRdoichangensis_trans));
QS8	709	245	46	((LPhenryi_P020_WA08,CTpumila_trans),(CEtrojana_P002_WF07_A,LOtrinitatis_P006_WH05_SP));	((LPhenryi_P020_WA08,CEtrojana_P002_WF07_A),(CTpumila_trans,LOtrinitatis_P006_WH05_SP));	((LPhenryi_P020_WA08,LOtrinitatis_P006_WH05_SP),(CEtrojana_P002_WF07_A,CTpumila_trans));
QS9	557	90	315	((LOgracilior_P011_WG09_A,LPannamensis_P001_WB08),(CYchrysotricha_P017_WB09_A,CEcerris_trans_A));	((LOgracilior_P011_WG09_A,CYchrysotricha_P017_WB09_A),(LPannamensis_P001_WB08,CEcerris_trans_A));	((LOgracilior_P011_WG09_A,CEcerris_trans_A),(CYchrysotricha_P017_WB09_A,LPannamensis_P001_WB08));
QS10	985	9	6	((ILilex_P009_WD07_A,LOgulielmi_treleasei_P009_WD06_A),(CYrex_P001_WD08_A,CYpentacycla_P001_WE11_A));	((ILilex_P009_WD07_A,CYrex_P001_WD08_A),(LOgulielmi_treleasei_P009_WD06_A,CYpentacycla_P001_WE11_A));	((ILilex_P009_WD07_A,CYpentacycla_P001_WE11_A),(CYrex_P001_WD08_A,LOgulielmi_treleasei_P009_WD06_A));
QS11	1000	0	0	((CYpentacycla_P001_WE11_A,QUpubescens_P011_WF08_A),(CYsichourensis_P001_WE10_A,CYrex_P001_WD08_A));	((CYpentacycla_P001_WE11_A,CYsichourensis_P001_WE10_A),(QUpubescens_P011_WF08_A,CYrex_P001_WD08_A));	((CYpentacycla_P001_WE11_A,CYrex_P001_WD08_A),(CYsichourensis_P001_WE10_A,QUpubescens_P011_WF08_A));
QS12	775	66	136	((CYsichourensis_P001_WE10_A,NNflocculenta_P018_WA07_A),(CYthorelii_P001_WD06_A,CYhypophaea_P004_WF06_A));	((CYsichourensis_P001_WE10_A,CYthorelii_P001_WD06_A),(NNflocculenta_P018_WA07_A,CYhypophaea_P004_WF06_A));	((CYsichourensis_P001_WE10_A,CYhypophaea_P004_WF06_A),(CYthorelii_P001_WD06_A,NNflocculenta_P018_WA07_A));
QS13	345	12	343	((CYhypophaea_P004_WF06_A,QUdouglasii_P004_WD11_A),(CYrex_P001_WD08_A,CYthorelii_P001_WD06_A));	((CYhypophaea_P004_WF06_A,CYrex_P001_WD08_A),(QUdouglasii_P004_WD11_A,CYthorelii_P001_WD06_A));	((CYhypophaea_P004_WF06_A,CYthorelii_P001_WD06_A),(CYrex_P001_WD08_A,QUdouglasii_P004_WD11_A));
QS14	182	2	0	((CYrex_P001_WD08_A,LOacerifolia_P011_WH03_A),(ILlanata_P011_WB01_A,CYthorelii_P001_WD06_A));	((CYrex_P001_WD08_A,ILlanata_P011_WB01_A),(LOacerifolia_P011_WH03_A,CYthorelii_P001_WD06_A));	((CYrex_P001_WD08_A,CYthorelii_P001_WD06_A),(ILlanata_P011_WB01_A,LOacerifolia_P011_WH03_A));
QS15	549	0	0	((CYthorelii_P001_WD06_A,CYpinbianensis_P001_WE12_SNS),(CYchungii_P010_WC03_A,CYhypophaea_P004_WF06_A));	((CYthorelii_P001_WD06_A,CYchungii_P010_WC03_A),(CYpinbianensis_P001_WE12_SNS,CYhypophaea_P004_WF06_A));	((CYthorelii_P001_WD06_A,CYhypophaea_P004_WF06_A),(CYchungii_P010_WC03_A,CYpinbianensis_P001_WE12_SNS));
QS16	784	64	124	((CYchungii_P010_WC03_A,QUmontana_trans_A),(CYchrysotricha_P017_WB09_A,CYaustrocochinchinensis_P001_WB05_A));	((CYchungii_P010_WC03_A,CYchrysotricha_P017_WB09_A),(QUmontana_trans_A,CYaustrocochinchinensis_P001_WB05_A));	((CYchungii_P010_WC03_A,CYaustrocochinchinensis_P001_WB05_A),(CYchrysotricha_P017_WB09_A,QUmontana_trans_A));
QS17	976	1	23	((CYaugustinii_P010_WE11_A,QUstellata_trans_A),(CYstenophylloides_P008_WA02_A,CYpachyloma_P005_WG08_A));	((CYaugustinii_P010_WE11_A,CYstenophylloides_P008_WA02_A),(QUstellata_trans_A,CYpachyloma_P005_WG08_A));	((CYaugustinii_P010_WE11_A,CYpachyloma_P005_WG08_A),(CYstenophylloides_P008_WA02_A,QUstellata_trans_A));
QS18	423	353	191	((CYxanthoclada_P002_WF03_A,QUboyntonii_trans_A),(CYxanthotricha_P017_WB06_A,CYstenophylloides_P008_WA02_A));	((CYxanthoclada_P002_WF03_A,CYxanthotricha_P017_WB06_A),(QUboyntonii_trans_A,CYstenophylloides_P008_WA02_A));	((CYxanthoclada_P002_WF03_A,CYstenophylloides_P008_WA02_A),(CYxanthotricha_P017_WB06_A,QUboyntonii_trans_A));
QS19	343	303	324	((CYxanthotricha_P017_WB06_A,PRvaccinifolia_P005_WB06_A),(CYschottkyana_trans_A,CYstenophylloides_P008_WA02_A));	((CYxanthotricha_P017_WB06_A,CYschottkyana_trans_A),(PRvaccinifolia_P005_WB06_A,CYstenophylloides_P008_WA02_A));	((CYxanthotricha_P017_WB06_A,CYstenophylloides_P008_WA02_A),(CYschottkyana_trans_A,PRvaccinifolia_P005_WB06_A));
QS20	557	250	179	((CYsalicina_P011_WF11_A,QUbicolor_trans_A),(CYchapensis_P010_WE04_A,CYschottkyana_trans_A));	((CYsalicina_P011_WF11_A,CYchapensis_P010_WE04_A),(QUbicolor_trans_A,CYschottkyana_trans_A));	((CYsalicina_P011_WF11_A,CYschottkyana_trans_A),(CYchapensis_P010_WE04_A,QUbicolor_trans_A));
QS21	443	55	485	((CYschottkyana_trans_A,CYasymmetrica_P014_WG01_A),(NNliaoi_P002_WF06_A,CYlonginux_F003_WC07_A));	((CYschottkyana_trans_A,NNliaoi_P002_WF06_A),(CYasymmetrica_P014_WG01_A,CYlonginux_F003_WC07_A));	((CYschottkyana_trans_A,CYlonginux_F003_WC07_A),(NNliaoi_P002_WF06_A,CYasymmetrica_P014_WG01_A));
QS22	711	184	74	((ILgracilis_P010_WF01_SNP,QUgarryana_trans_A),(CYstenophylloides_P008_WA02_A,CYpentacycla_P001_WE11_A));	((ILgracilis_P010_WF01_SNP,CYstenophylloides_P008_WA02_A),(QUgarryana_trans_A,CYpentacycla_P001_WE11_A));	((ILgracilis_P010_WF01_SNP,CYpentacycla_P001_WE11_A),(CYstenophylloides_P008_WA02_A,QUgarryana_trans_A));
QS23	498	22	197	((CYpentacycla_P001_WE11_A,CPdelavayi_trans),(CYsalicina_P011_WF11_A,CYstenophylloides_P008_WA02_A));	((CYpentacycla_P001_WE11_A,CYsalicina_P011_WF11_A),(CPdelavayi_trans,CYstenophylloides_P008_WA02_A));	((CYpentacycla_P001_WE11_A,CYstenophylloides_P008_WA02_A),(CYsalicina_P011_WF11_A,CPdelavayi_trans));
QS24	182	3	0	((CYsalicina_P011_WF11_A,ILbaloot_P001_WD05_A),(NNliaoi_P002_WF06_A,CYstenophylloides_P008_WA02_A));	((CYsalicina_P011_WF11_A,NNliaoi_P002_WF06_A),(ILbaloot_P001_WD05_A,CYstenophylloides_P008_WA02_A));	((CYsalicina_P011_WF11_A,CYstenophylloides_P008_WA02_A),(NNliaoi_P002_WF06_A,ILbaloot_P001_WD05_A));
QS25	461	52	22	((CYsalicina_P011_WF11_A,NNcarmenensis_P026_WC01_A),(CYhypargyrea_P010_WE06_ANP,CYpentacycla_P001_WE11_A));	((CYsalicina_P011_WF11_A,CYhypargyrea_P010_WE06_ANP),(NNcarmenensis_P026_WC01_A,CYpentacycla_P001_WE11_A));	((CYsalicina_P011_WF11_A,CYpentacycla_P001_WE11_A),(CYhypargyrea_P010_WE06_ANP,NNcarmenensis_P026_WC01_A));
QS26	827	5	62	((CYpentacycla_P001_WE11_A,CYkinabaluensis_P002_WF02_A),(ILgracilis_P010_WF01_SNP,CYlonginux_F003_WC07_A));	((CYpentacycla_P001_WE11_A,ILgracilis_P010_WF01_SNP),(CYkinabaluensis_P002_WF02_A,CYlonginux_F003_WC07_A));	((CYpentacycla_P001_WE11_A,CYlonginux_F003_WC07_A),(ILgracilis_P010_WF01_SNP,CYkinabaluensis_P002_WF02_A));
QS27	486	241	241	((CYstenophylloides_P008_WA02_A,NNcarmenensis_P026_WC01_A),(CYtiaoloshanica_P001_WD07_A,CYthomsoniana_P005_WB01_A));	((CYstenophylloides_P008_WA02_A,CYtiaoloshanica_P001_WD07_A),(NNcarmenensis_P026_WC01_A,CYthomsoniana_P005_WB01_A));	((CYstenophylloides_P008_WA02_A,CYthomsoniana_P005_WB01_A),(CYtiaoloshanica_P001_WD07_A,NNcarmenensis_P026_WC01_A));
QS28	452	217	302	((CYthomsoniana_P005_WB01_A,LOtristis_P009_WG12_SP),(CYkouangsiensis_P001_WE08_A,CYhondae_P005_WD07_A));	((CYthomsoniana_P005_WB01_A,CYkouangsiensis_P001_WE08_A),(LOtristis_P009_WG12_SP,CYhondae_P005_WD07_A));	((CYthomsoniana_P005_WB01_A,CYhondae_P005_WD07_A),(CYkouangsiensis_P001_WE08_A,LOtristis_P009_WG12_SP));
QS29	601	158	223	((CYhondae_P005_WD07_A,NNhinckleyi_P010_WC07_A),(CYkinabaluensis_P002_WF02_A,CYxanthoclada_P002_WF03_A));	((CYhondae_P005_WD07_A,CYkinabaluensis_P002_WF02_A),(NNhinckleyi_P010_WC07_A,CYxanthoclada_P002_WF03_A));	((CYhondae_P005_WD07_A,CYxanthoclada_P002_WF03_A),(CYkinabaluensis_P002_WF02_A,NNhinckleyi_P010_WC07_A));
QS30	316	219	452	((CYmespilifolia_P005_WG09_A,VIbrandegeei_P005_WG07_A),(CYmerrillii_P005_WD01_A,CYdaimingshanensis_P003_WE02_A));	((CYmespilifolia_P005_WG09_A,CYmerrillii_P005_WD01_A),(VIbrandegeei_P005_WG07_A,CYdaimingshanensis_P003_WE02_A));	((CYmespilifolia_P005_WG09_A,CYdaimingshanensis_P003_WE02_A),(CYmerrillii_P005_WD01_A,VIbrandegeei_P005_WG07_A));
QS31	204	161	0	((CYdaimingshanensis_P003_WE02_A,QUoocarpa_P009_WH03_A),(CYmerrillii_P005_WD01_A,CYchrysotricha_P017_WB09_A));	((CYdaimingshanensis_P003_WE02_A,CYmerrillii_P005_WD01_A),(QUoocarpa_P009_WH03_A,CYchrysotricha_P017_WB09_A));	((CYdaimingshanensis_P003_WE02_A,CYchrysotricha_P017_WB09_A),(CYmerrillii_P005_WD01_A,QUoocarpa_P009_WH03_A));
QS32	14	1	169	((CYmerrillii_P005_WD01_A,ILyiwuensis_P003_WE05_HN),(CYchrysotricha_P017_WB09_A,CYkinabaluensis_P002_WF02_A));	((CYmerrillii_P005_WD01_A,CYchrysotricha_P017_WB09_A),(ILyiwuensis_P003_WE05_HN,CYkinabaluensis_P002_WF02_A));	((CYmerrillii_P005_WD01_A,CYkinabaluensis_P002_WF02_A),(CYchrysotricha_P017_WB09_A,ILyiwuensis_P003_WE05_HN));
QS33	965	24	6	((CYmerrillii_P005_WD01_A,LOhintoniorum_P004_WD12_A),(CYpachyloma_P005_WG08_A,CYkouangsiensis_P001_WE08_A));	((CYmerrillii_P005_WD01_A,CYpachyloma_P005_WG08_A),(LOhintoniorum_P004_WD12_A,CYkouangsiensis_P001_WE08_A));	((CYmerrillii_P005_WD01_A,CYkouangsiensis_P001_WE08_A),(CYpachyloma_P005_WG08_A,LOhintoniorum_P004_WD12_A));
QS34	534	335	104	((CYpachyloma_P005_WG08_A,CYhypophaea_P004_WF06_A),(CYtiaoloshanica_P001_WD07_A,CYphanera_P010_WC01_A));	((CYpachyloma_P005_WG08_A,CYtiaoloshanica_P001_WD07_A),(CYhypophaea_P004_WF06_A,CYphanera_P010_WC01_A));	((CYpachyloma_P005_WG08_A,CYphanera_P010_WC01_A),(CYtiaoloshanica_P001_WD07_A,CYhypophaea_P004_WF06_A));
QS35	755	76	157	((CYphanera_P010_WC01_A,LOellipsoidalis_trans_A),(CYsemiserratoides_P011_WH02_A,CYmespilifolia_P005_WG09_A));	((CYphanera_P010_WC01_A,CYsemiserratoides_P011_WH02_A),(LOellipsoidalis_trans_A,CYmespilifolia_P005_WG09_A));	((CYphanera_P010_WC01_A,CYmespilifolia_P005_WG09_A),(CYsemiserratoides_P011_WH02_A,LOellipsoidalis_trans_A));
QS36	148	161	43	((CYmespilifolia_P005_WG09_A,QUpyrenaica_P009_WB11_A),(CYtiaoloshanica_P001_WD07_A,CYsemiserratoides_P011_WH02_A));	((CYmespilifolia_P005_WG09_A,CYtiaoloshanica_P001_WD07_A),(QUpyrenaica_P009_WB11_A,CYsemiserratoides_P011_WH02_A));	((CYmespilifolia_P005_WG09_A,CYsemiserratoides_P011_WH02_A),(CYtiaoloshanica_P001_WD07_A,QUpyrenaica_P009_WB11_A));
QS37	83	13	261	((CYsemiserratoides_P011_WH02_A,LOtridens_P004_WE06_SS),(CYmespilifolia_P005_WG09_A,CYkouangsiensis_P001_WE08_A));	((CYsemiserratoides_P011_WH02_A,CYmespilifolia_P005_WG09_A),(LOtridens_P004_WE06_SS,CYkouangsiensis_P001_WE08_A));	((CYsemiserratoides_P011_WH02_A,CYkouangsiensis_P001_WE08_A),(CYmespilifolia_P005_WG09_A,LOtridens_P004_WE06_SS));
QS38	557	111	37	((CYtiaoloshanica_P001_WD07_A,QUhavardii_P010_WE01_A),(CYphanera_P010_WC01_A,CYxanthoclada_P002_WF03_A));	((CYtiaoloshanica_P001_WD07_A,CYphanera_P010_WC01_A),(QUhavardii_P010_WE01_A,CYxanthoclada_P002_WF03_A));	((CYtiaoloshanica_P001_WD07_A,CYxanthoclada_P002_WF03_A),(CYphanera_P010_WC01_A,QUhavardii_P010_WE01_A));
QS39	362	343	265	((CYkouangsiensis_P001_WE08_A,CTpumila_trans),(CYoidocarpa_P005_WB02_A,CYhondae_P005_WD07_A));	((CYkouangsiensis_P001_WE08_A,CYoidocarpa_P005_WB02_A),(CTpumila_trans,CYhondae_P005_WD07_A));	((CYkouangsiensis_P001_WE08_A,CYhondae_P005_WD07_A),(CYoidocarpa_P005_WB02_A,CTpumila_trans));
QS40	236	53	68	((CYhondae_P005_WD07_A,QUboyntonii_trans_A),(CYoidocarpa_P005_WB02_A,CYpercoriacea_P005_WB03_A));	((CYhondae_P005_WD07_A,CYoidocarpa_P005_WB02_A),(QUboyntonii_trans_A,CYpercoriacea_P005_WB03_A));	((CYhondae_P005_WD07_A,CYpercoriacea_P005_WB03_A),(CYoidocarpa_P005_WB02_A,QUboyntonii_trans_A));
QS41	344	20	3	((CYoidocarpa_P005_WB02_A,LOfalcata_trans_A),(CYasymmetrica_P014_WG01_A,CYhondae_P005_WD07_A));	((CYoidocarpa_P005_WB02_A,CYasymmetrica_P014_WG01_A),(LOfalcata_trans_A,CYhondae_P005_WD07_A));	((CYoidocarpa_P005_WB02_A,CYhondae_P005_WD07_A),(CYasymmetrica_P014_WG01_A,LOfalcata_trans_A));
QS42	357	292	334	((CYsemiserratoides_P011_WH02_A,NNmulleri_P017_WA12_SNS),(CYlobbii_P004_WD03_A,CYdisciformis_P001_WH01_A));	((CYsemiserratoides_P011_WH02_A,CYlobbii_P004_WD03_A),(NNmulleri_P017_WA12_SNS,CYdisciformis_P001_WH01_A));	((CYsemiserratoides_P011_WH02_A,CYdisciformis_P001_WH01_A),(CYlobbii_P004_WD03_A,NNmulleri_P017_WA12_SNS));
QS43	447	526	7	((CYdisciformis_P001_WH01_A,LOpaxtalensis_P009_WG08_SNP),(CYmeihuashanensis_P001_WE09_SNU,CYlobbii_P004_WD03_A));	((CYdisciformis_P001_WH01_A,CYmeihuashanensis_P001_WE09_SNU),(LOpaxtalensis_P009_WG08_SNP,CYlobbii_P004_WD03_A));	((CYdisciformis_P001_WH01_A,CYlobbii_P004_WD03_A),(CYmeihuashanensis_P001_WE09_SNU,LOpaxtalensis_P009_WG08_SNP));
QS44	173	8	1	((CYmeihuashanensis_P001_WE09_SNU,QUlaceyi_P011_WF09_A),(CYthomsoniana_P005_WB01_A,CYlobbii_P004_WD03_A));	((CYmeihuashanensis_P001_WE09_SNU,CYthomsoniana_P005_WB01_A),(QUlaceyi_P011_WF09_A,CYlobbii_P004_WD03_A));	((CYmeihuashanensis_P001_WE09_SNU,CYlobbii_P004_WD03_A),(CYthomsoniana_P005_WB01_A,QUlaceyi_P011_WF09_A));
QS45	561	369	56	((CYmeihuashanensis_P001_WE09_SNU,CYtiaoloshanica_P001_WD07_A),(CYdisciformis_P001_WH01_A,NNmiyagii_P004_WE12_A));	((CYmeihuashanensis_P001_WE09_SNU,CYdisciformis_P001_WH01_A),(CYtiaoloshanica_P001_WD07_A,NNmiyagii_P004_WE12_A));	((CYmeihuashanensis_P001_WE09_SNU,NNmiyagii_P004_WE12_A),(CYdisciformis_P001_WH01_A,CYtiaoloshanica_P001_WD07_A));
QS46	43	0	135	((CYdisciformis_P001_WH01_A,CYthomsoniana_P005_WB01_A),(NNmiyagii_P004_WE12_A,CYmorii_P010_WB12_A));	((CYdisciformis_P001_WH01_A,NNmiyagii_P004_WE12_A),(CYthomsoniana_P005_WB01_A,CYmorii_P010_WB12_A));	((CYdisciformis_P001_WH01_A,CYmorii_P010_WB12_A),(NNmiyagii_P004_WE12_A,CYthomsoniana_P005_WB01_A));
QS47	1000	0	0	((CYhypargyrea_P010_WE06_ANP,QUbicolor_trans_A),(CYaustrocochinchinensis_P001_WB05_A,CYpinbianensis_P001_WE12_SNS));	((CYhypargyrea_P010_WE06_ANP,CYaustrocochinchinensis_P001_WB05_A),(QUbicolor_trans_A,CYpinbianensis_P001_WE12_SNS));	((CYhypargyrea_P010_WE06_ANP,CYpinbianensis_P001_WE12_SNS),(CYaustrocochinchinensis_P001_WB05_A,QUbicolor_trans_A));
QS48	308	0	45	((CYpinbianensis_P001_WE12_SNS,CEithaburensis_P002_WE12_A),(CYchevalieri_P003_WE03_A,CYaugustinii_P010_WE11_A));	((CYpinbianensis_P001_WE12_SNS,CYchevalieri_P003_WE03_A),(CEithaburensis_P002_WE12_A,CYaugustinii_P010_WE11_A));	((CYpinbianensis_P001_WE12_SNS,CYaugustinii_P010_WE11_A),(CYchevalieri_P003_WE03_A,CEithaburensis_P002_WE12_A));
QS49	185	0	0	((CYchevalieri_P003_WE03_A,PRcedrosensis_trans_A),(CYaustrocochinchinensis_P001_WB05_A,CYaugustinii_P010_WE11_A));	((CYchevalieri_P003_WE03_A,CYaustrocochinchinensis_P001_WB05_A),(PRcedrosensis_trans_A,CYaugustinii_P010_WE11_A));	((CYchevalieri_P003_WE03_A,CYaugustinii_P010_WE11_A),(CYaustrocochinchinensis_P001_WB05_A,PRcedrosensis_trans_A));
QS50	881	111	8	((ILlanata_P011_WB01_A,QUvaseyana_P002_WC11_A),(ILbaloot_P001_WD05_A,CEithaburensis_P002_WE12_A));	((ILlanata_P011_WB01_A,ILbaloot_P001_WD05_A),(QUvaseyana_P002_WC11_A,CEithaburensis_P002_WE12_A));	((ILlanata_P011_WB01_A,CEithaburensis_P002_WE12_A),(ILbaloot_P001_WD05_A,QUvaseyana_P002_WC11_A));
QS51	999	0	0	((CEvariabilis_trans_A,CThenryi_trans),(ILhandeliana_P001_WG10_SNS,ILilex_P009_WD07_A));	((CEvariabilis_trans_A,ILhandeliana_P001_WG10_SNS),(CThenryi_trans,ILilex_P009_WD07_A));	((CEvariabilis_trans_A,ILilex_P009_WD07_A),(ILhandeliana_P001_WG10_SNS,CThenryi_trans));
QS52	789	0	200	((ILhandeliana_P001_WG10_SNS,QUaliena_trans_A),(ILbaloot_P001_WD05_A,ILyiwuensis_P003_WE05_HN));	((ILhandeliana_P001_WG10_SNS,ILbaloot_P001_WD05_A),(QUaliena_trans_A,ILyiwuensis_P003_WE05_HN));	((ILhandeliana_P001_WG10_SNS,ILyiwuensis_P003_WE05_HN),(ILbaloot_P001_WD05_A,QUaliena_trans_A));
QS53	310	17	652	((ILyiwuensis_P003_WE05_HN,QUoglethorpensis_P008_WF03_A),(ILfloribunda_P004_WC09_A,ILkongshanensis_P001_WG09_SNP));	((ILyiwuensis_P003_WE05_HN,ILfloribunda_P004_WC09_A),(QUoglethorpensis_P008_WF03_A,ILkongshanensis_P001_WG09_SNP));	((ILyiwuensis_P003_WE05_HN,ILkongshanensis_P001_WG09_SNP),(ILfloribunda_P004_WC09_A,QUoglethorpensis_P008_WF03_A));
QS54	593	398	0	((ILtungmaiensis_P003_WE04_SNS,QUdentata_trans_A),(ILfloribunda_P004_WC09_A,ILrotundifolia_P010_WB09_SNS));	((ILtungmaiensis_P003_WE04_SNS,ILfloribunda_P004_WC09_A),(QUdentata_trans_A,ILrotundifolia_P010_WB09_SNS));	((ILtungmaiensis_P003_WE04_SNS,ILrotundifolia_P010_WB09_SNS),(ILfloribunda_P004_WC09_A,QUdentata_trans_A));
QS55	549	0	0	((ILrotundifolia_P010_WB09_SNS,LOshumardii_trans_A),(ILfloribunda_P004_WC09_A,ILacrodonta_P005_WD08_A));	((ILrotundifolia_P010_WB09_SNS,ILfloribunda_P004_WC09_A),(LOshumardii_trans_A,ILacrodonta_P005_WD08_A));	((ILrotundifolia_P010_WB09_SNS,ILacrodonta_P005_WD08_A),(ILfloribunda_P004_WC09_A,LOshumardii_trans_A));
QS56	723	0	6	((ILfloribunda_P004_WC09_A,CYhondae_P005_WD07_A),(ILrotundifolia_P010_WB09_SNS,ILbaloot_P001_WD05_A));	((ILfloribunda_P004_WC09_A,ILrotundifolia_P010_WB09_SNS),(CYhondae_P005_WD07_A,ILbaloot_P001_WD05_A));	((ILfloribunda_P004_WC09_A,ILbaloot_P001_WD05_A),(ILrotundifolia_P010_WB09_SNS,CYhondae_P005_WD07_A));
QS57	185	0	0	((ILbaloot_P001_WD05_A,LOemoryi_F001_WC12_A),(ILrotundifolia_P010_WB09_SNS,ILilex_P009_WD07_A));	((ILbaloot_P001_WD05_A,ILrotundifolia_P010_WB09_SNS),(LOemoryi_F001_WC12_A,ILilex_P009_WD07_A));	((ILbaloot_P001_WD05_A,ILilex_P009_WD07_A),(ILrotundifolia_P010_WB09_SNS,LOemoryi_F001_WC12_A));
QS58	813	15	164	((ILacrodonta_P005_WD08_A,LOeugeniifolia_P012_WC09_SP),(ILkongshanensis_P001_WG09_SNP,ILspinosa_P011_WF10_A));	((ILacrodonta_P005_WD08_A,ILkongshanensis_P001_WG09_SNP),(LOeugeniifolia_P012_WC09_SP,ILspinosa_P011_WF10_A));	((ILacrodonta_P005_WD08_A,ILspinosa_P011_WF10_A),(ILkongshanensis_P001_WG09_SNP,LOeugeniifolia_P012_WC09_SP));
QS59	952	43	1	((ILspinosa_P011_WF10_A,LOvelutina_trans_A),(ILmarlipoensis_P003_WE07_SNP,ILtungmaiensis_P003_WE04_SNS));	((ILspinosa_P011_WF10_A,ILmarlipoensis_P003_WE07_SNP),(LOvelutina_trans_A,ILtungmaiensis_P003_WE04_SNS));	((ILspinosa_P011_WF10_A,ILtungmaiensis_P003_WE04_SNS),(ILmarlipoensis_P003_WE07_SNP,LOvelutina_trans_A));
QS60	61	118	0	((ILmarlipoensis_P003_WE07_SNP,ILlanata_P011_WB01_A),(ILkongshanensis_P001_WG09_SNP,ILtungmaiensis_P003_WE04_SNS));	((ILmarlipoensis_P003_WE07_SNP,ILkongshanensis_P001_WG09_SNP),(ILlanata_P011_WB01_A,ILtungmaiensis_P003_WE04_SNS));	((ILmarlipoensis_P003_WE07_SNP,ILtungmaiensis_P003_WE04_SNS),(ILkongshanensis_P001_WG09_SNP,ILlanata_P011_WB01_A));
QS61	986	0	12	((ILtungmaiensis_P003_WE04_SNS,NNliaoi_P002_WF06_A),(ILfimbriata_P019_WG03_HN,ILpseudosemecarpifolia_P005_WG10_SNP));	((ILtungmaiensis_P003_WE04_SNS,ILfimbriata_P019_WG03_HN),(NNliaoi_P002_WF06_A,ILpseudosemecarpifolia_P005_WG10_SNP));	((ILtungmaiensis_P003_WE04_SNS,ILpseudosemecarpifolia_P005_WG10_SNP),(ILfimbriata_P019_WG03_HN,NNliaoi_P002_WF06_A));
QS62	32	239	88	((ILspinosa_P011_WF10_A,LOtrinitatis_P006_WH05_SP),(ILlongispica_P009_WC12_SNP,ILfimbriata_P019_WG03_HN));	((ILspinosa_P011_WF10_A,ILlongispica_P009_WC12_SNP),(LOtrinitatis_P006_WH05_SP,ILfimbriata_P019_WG03_HN));	((ILspinosa_P011_WF10_A,ILfimbriata_P019_WG03_HN),(ILlongispica_P009_WC12_SNP,LOtrinitatis_P006_WH05_SP));
QS63	368	0	0	((ILfimbriata_P019_WG03_HN,CEcerris_trans_A),(ILspinosa_P011_WF10_A,ILpseudosemecarpifolia_P005_WG10_SNP));	((ILfimbriata_P019_WG03_HN,ILspinosa_P011_WF10_A),(CEcerris_trans_A,ILpseudosemecarpifolia_P005_WG10_SNP));	((ILfimbriata_P019_WG03_HN,ILpseudosemecarpifolia_P005_WG10_SNP),(ILspinosa_P011_WF10_A,CEcerris_trans_A));
QS64	1000	0	0	((ILfimbriata_P019_WG03_HN,LOfalcata_trans_A),(CEtrojana_P002_WF07_A,CEafares_P005_WC11_A));	((ILfimbriata_P019_WG03_HN,CEtrojana_P002_WF07_A),(LOfalcata_trans_A,CEafares_P005_WC11_A));	((ILfimbriata_P019_WG03_HN,CEafares_P005_WC11_A),(CEtrojana_P002_WF07_A,LOfalcata_trans_A));
QS65	953	18	21	((CEvariabilis_trans_A,LOfurfuracea_P012_WD01_A),(CEithaburensis_P002_WE12_A,CEtrojana_P002_WF07_A));	((CEvariabilis_trans_A,CEithaburensis_P002_WE12_A),(LOfurfuracea_P012_WD01_A,CEtrojana_P002_WF07_A));	((CEvariabilis_trans_A,CEtrojana_P002_WF07_A),(CEithaburensis_P002_WE12_A,LOfurfuracea_P012_WD01_A));
QS66	210	36	741	((CEithaburensis_P002_WE12_A,ILrotundifolia_P010_WB09_SNS),(CEcerris_trans_A,CElibani_P004_WD10_A));	((CEithaburensis_P002_WE12_A,CEcerris_trans_A),(ILrotundifolia_P010_WB09_SNS,CElibani_P004_WD10_A));	((CEithaburensis_P002_WE12_A,CElibani_P004_WD10_A),(CEcerris_trans_A,ILrotundifolia_P010_WB09_SNS));
QS67	353	165	448	((CEafares_P005_WC11_A,QUmartinezii_P011_WF12_A),(CEvariabilis_trans_A,CEsuber_ref));	((CEafares_P005_WC11_A,CEvariabilis_trans_A),(QUmartinezii_P011_WF12_A,CEsuber_ref));	((CEafares_P005_WC11_A,CEsuber_ref),(CEvariabilis_trans_A,QUmartinezii_P011_WF12_A));
QS68	290	78	0	((CEsuber_ref,PRcedrosensis_trans_A),(CEcerris_trans_A,CEacutissima_trans_A));	((CEsuber_ref,CEcerris_trans_A),(PRcedrosensis_trans_A,CEacutissima_trans_A));	((CEsuber_ref,CEacutissima_trans_A),(CEcerris_trans_A,PRcedrosensis_trans_A));
QS69	185	0	0	((CEcerris_trans_A,QUaliena_trans_A),(CEvariabilis_trans_A,CEacutissima_trans_A));	((CEcerris_trans_A,CEvariabilis_trans_A),(QUaliena_trans_A,CEacutissima_trans_A));	((CEcerris_trans_A,CEacutissima_trans_A),(CEvariabilis_trans_A,QUaliena_trans_A));
QS70	871	121	0	((CEacutissima_trans_A,QUserrata_trans_A),(CEcastaneifolia_P002_WC06_A,CElibani_P004_WD10_A));	((CEacutissima_trans_A,CEcastaneifolia_P002_WC06_A),(QUserrata_trans_A,CElibani_P004_WD10_A));	((CEacutissima_trans_A,CElibani_P004_WD10_A),(CEcastaneifolia_P002_WC06_A,QUserrata_trans_A));
QS71	176	4	2	((CElibani_P004_WD10_A,CEsuber_ref),(CEcastaneifolia_P002_WC06_A,CEafares_P005_WC11_A));	((CElibani_P004_WD10_A,CEcastaneifolia_P002_WC06_A),(CEsuber_ref,CEafares_P005_WC11_A));	((CElibani_P004_WD10_A,CEafares_P005_WC11_A),(CEcastaneifolia_P002_WC06_A,CEsuber_ref));
QS72	676	127	185	((CEithaburensis_P002_WE12_A,CThenryi_trans),(QUalveolata_P009_WG11_SP,LOgraciliformis_P012_WB07_SP));	((CEithaburensis_P002_WE12_A,QUalveolata_P009_WG11_SP),(CThenryi_trans,LOgraciliformis_P012_WB07_SP));	((CEithaburensis_P002_WE12_A,LOgraciliformis_P012_WB07_SP),(QUalveolata_P009_WG11_SP,CThenryi_trans));
QS73	842	68	90	((LOnigra_trans_A,CYasymmetrica_P014_WG01_A),(QUperpallida_P009_WB08_A,PRpalmeri_P002_WC12_A));	((LOnigra_trans_A,QUperpallida_P009_WB08_A),(CYasymmetrica_P014_WG01_A,PRpalmeri_P002_WC12_A));	((LOnigra_trans_A,PRpalmeri_P002_WC12_A),(QUperpallida_P009_WB08_A,CYasymmetrica_P014_WG01_A));
QS74	866	109	24	((PRcedrosensis_trans_A,CEcerris_trans_A),(QUoocarpa_P009_WH03_A,POsadleriana_P009_WD05_A));	((PRcedrosensis_trans_A,QUoocarpa_P009_WH03_A),(CEcerris_trans_A,POsadleriana_P009_WD05_A));	((PRcedrosensis_trans_A,POsadleriana_P009_WD05_A),(QUoocarpa_P009_WH03_A,CEcerris_trans_A));
QS75	797	155	38	((POpontica_P002_WC09_A,CEafares_P005_WC11_A),(QUopaca_P022_WG04_A,VIvirginiana_trans_A));	((POpontica_P002_WC09_A,QUopaca_P022_WG04_A),(CEafares_P005_WC11_A,VIvirginiana_trans_A));	((POpontica_P002_WC09_A,VIvirginiana_trans_A),(QUopaca_P022_WG04_A,CEafares_P005_WC11_A));
QS76	810	148	37	((VIvirginiana_trans_A,LOtridens_P004_WE06_SS),(QUpilicaulis_P017_WB03_SP,QUlobata_P010_WE03_A));	((VIvirginiana_trans_A,QUpilicaulis_P017_WB03_SP),(LOtridens_P004_WE06_SS,QUlobata_P010_WE03_A));	((VIvirginiana_trans_A,QUlobata_P010_WE03_A),(QUpilicaulis_P017_WB03_SP,LOtridens_P004_WE06_SS));
QS77	498	339	138	((QUdumosa_P010_WC12_A,LOmexicana_F001_WD02_A),(QUtransmontana_P010_WB11_SP,QUcongesta_P017_WB04_A));	((QUdumosa_P010_WC12_A,QUtransmontana_P010_WB11_SP),(LOmexicana_F001_WD02_A,QUcongesta_P017_WB04_A));	((QUdumosa_P010_WC12_A,QUcongesta_P017_WB04_A),(QUtransmontana_P010_WB11_SP,LOmexicana_F001_WD02_A));
QS78	515	137	332	((QUboyntonii_trans_A,CYkinabaluensis_P002_WF02_A),(QUtoxicodendrifolia_P010_WD05_ANP,QUprinoides_P008_WF02_A));	((QUboyntonii_trans_A,QUtoxicodendrifolia_P010_WD05_ANP),(CYkinabaluensis_P002_WF02_A,QUprinoides_P008_WF02_A));	((QUboyntonii_trans_A,QUprinoides_P008_WF02_A),(QUtoxicodendrifolia_P010_WD05_ANP,CYkinabaluensis_P002_WF02_A));
QS79	415	335	216	((QUprinoides_P008_WF02_A,CYschottkyana_trans_A),(QUpauciloba_P019_WD01_SHP,QUpilicaulis_P017_WB03_SP));	((QUprinoides_P008_WF02_A,QUpauciloba_P019_WD01_SHP),(CYschottkyana_trans_A,QUpilicaulis_P017_WB03_SP));	((QUprinoides_P008_WF02_A,QUpilicaulis_P017_WB03_SP),(QUpauciloba_P019_WD01_SHP,CYschottkyana_trans_A));
QS80	954	35	5	((NNtinkhamii_P003_WG02_A,CYlobbii_P004_WD03_A),(QUpauciloba_P019_WD01_SHP,QUgambelii_P010_WC11_A));	((NNtinkhamii_P003_WG02_A,QUpauciloba_P019_WD01_SHP),(CYlobbii_P004_WD03_A,QUgambelii_P010_WC11_A));	((NNtinkhamii_P003_WG02_A,QUgambelii_P010_WC11_A),(QUpauciloba_P019_WD01_SHP,CYlobbii_P004_WD03_A));
QS81	746	168	72	((QUpauciloba_P019_WD01_SHP,LOgaleanensis_P012_WC12_A),(NNsanchezcolinii_P003_WG03_AHN,NNwelshii_P002_WD02_A));	((QUpauciloba_P019_WD01_SHP,NNsanchezcolinii_P003_WG03_AHN),(LOgaleanensis_P012_WC12_A,NNwelshii_P002_WD02_A));	((QUpauciloba_P019_WD01_SHP,NNwelshii_P002_WD02_A),(NNsanchezcolinii_P003_WG03_AHN,LOgaleanensis_P012_WC12_A));
QS82	479	264	234	((NNwelshii_P002_WD02_A,CYschottkyana_trans_A),(QUhavardii_P010_WE01_A,QUexcelsa_P010_WE07_SP));	((NNwelshii_P002_WD02_A,QUhavardii_P010_WE01_A),(CYschottkyana_trans_A,QUexcelsa_P010_WE07_SP));	((NNwelshii_P002_WD02_A,QUexcelsa_P010_WE07_SP),(QUhavardii_P010_WE01_A,CYschottkyana_trans_A));
QS83	793	193	4	((QUcentralis_P011_WE01_SP,CYchungii_P010_WC03_A),(QUsinuata_P002_WD03_A,QUhavardii_P010_WE01_A));	((QUcentralis_P011_WE01_SP,QUsinuata_P002_WD03_A),(CYchungii_P010_WC03_A,QUhavardii_P010_WE01_A));	((QUcentralis_P011_WE01_SP,QUhavardii_P010_WE01_A),(QUsinuata_P002_WD03_A,CYchungii_P010_WC03_A));
QS84	277	147	99	((QUsinuata_P002_WD03_A,QUcorrugata_P009_WF07_SP),(QUhavardii_P010_WE01_A,QUsimilis_P009_WD03_A));	((QUsinuata_P002_WD03_A,QUhavardii_P010_WE01_A),(QUcorrugata_P009_WF07_SP,QUsimilis_P009_WD03_A));	((QUsinuata_P002_WD03_A,QUsimilis_P009_WD03_A),(QUhavardii_P010_WE01_A,QUcorrugata_P009_WF07_SP));
QS85	308	48	5	((QUhavardii_P010_WE01_A,LOtonduzii_P017_WB02_ANP),(QUoglethorpensis_P008_WF03_A,QUmargarettae_P019_WE01_SNS));	((QUhavardii_P010_WE01_A,QUoglethorpensis_P008_WF03_A),(LOtonduzii_P017_WB02_ANP,QUmargarettae_P019_WE01_SNS));	((QUhavardii_P010_WE01_A,QUmargarettae_P019_WE01_SNS),(QUoglethorpensis_P008_WF03_A,LOtonduzii_P017_WB02_ANP));
QS86	25	4	152	((QUoglethorpensis_P008_WF03_A,QUperpallida_P009_WB08_A),(QUmargarettae_P019_WE01_SNS,QUsimilis_P009_WD03_A));	((QUoglethorpensis_P008_WF03_A,QUmargarettae_P019_WE01_SNS),(QUperpallida_P009_WB08_A,QUsimilis_P009_WD03_A));	((QUoglethorpensis_P008_WF03_A,QUsimilis_P009_WD03_A),(QUmargarettae_P019_WE01_SNS,QUperpallida_P009_WB08_A));
QS87	568	90	326	((QUhavardii_P010_WE01_A,QUgarryana_trans_A),(QUtoxicodendrifolia_P010_WD05_ANP,QUlaceyi_P011_WF09_A));	((QUhavardii_P010_WE01_A,QUtoxicodendrifolia_P010_WD05_ANP),(QUgarryana_trans_A,QUlaceyi_P011_WF09_A));	((QUhavardii_P010_WE01_A,QUlaceyi_P011_WF09_A),(QUtoxicodendrifolia_P010_WD05_ANP,QUgarryana_trans_A));
QS88	363	404	210	((QUvaseyana_P002_WC11_A,ILpseudosemecarpifolia_P005_WG10_SNP),(NNsanchezcolinii_P003_WG03_AHN,QUexcelsa_P010_WE07_SP));	((QUvaseyana_P002_WC11_A,NNsanchezcolinii_P003_WG03_AHN),(ILpseudosemecarpifolia_P005_WG10_SNP,QUexcelsa_P010_WE07_SP));	((QUvaseyana_P002_WC11_A,QUexcelsa_P010_WE07_SP),(NNsanchezcolinii_P003_WG03_AHN,ILpseudosemecarpifolia_P005_WG10_SNP));
QS89	644	108	227	((QUexcelsa_P010_WE07_SP,LOgulielmi_treleasei_P009_WD06_A),(QUperpallida_P009_WB08_A,QUalveolata_P009_WG11_SP));	((QUexcelsa_P010_WE07_SP,QUperpallida_P009_WB08_A),(LOgulielmi_treleasei_P009_WD06_A,QUalveolata_P009_WG11_SP));	((QUexcelsa_P010_WE07_SP,QUalveolata_P009_WG11_SP),(QUperpallida_P009_WB08_A,LOgulielmi_treleasei_P009_WD06_A));
QS90	334	396	240	((QUcentralis_P011_WE01_SP,LOtardifolia_P011_WG06_A),(QUajoensis_P011_WH01_A,QUprinopsis_P003_WG05_SP));	((QUcentralis_P011_WE01_SP,QUajoensis_P011_WH01_A),(LOtardifolia_P011_WG06_A,QUprinopsis_P003_WG05_SP));	((QUcentralis_P011_WE01_SP,QUprinopsis_P003_WG05_SP),(QUajoensis_P011_WH01_A,LOtardifolia_P011_WG06_A));
QS91	58	0	124	((QUajoensis_P011_WH01_A,ILilex_P009_WD07_A),(QUprinopsis_P003_WG05_SP,QUperpallida_P009_WB08_A));	((QUajoensis_P011_WH01_A,QUprinopsis_P003_WG05_SP),(ILilex_P009_WD07_A,QUperpallida_P009_WB08_A));	((QUajoensis_P011_WH01_A,QUperpallida_P009_WB08_A),(QUprinopsis_P003_WG05_SP,ILilex_P009_WD07_A));
QS92	513	105	359	((QUprinopsis_P003_WG05_SP,CYchapensis_P010_WE04_A),(QUalveolata_P009_WG11_SP,QUtransmontana_P010_WB11_SP));	((QUprinopsis_P003_WG05_SP,QUalveolata_P009_WG11_SP),(CYchapensis_P010_WE04_A,QUtransmontana_P010_WB11_SP));	((QUprinopsis_P003_WG05_SP,QUtransmontana_P010_WB11_SP),(QUalveolata_P009_WG11_SP,CYchapensis_P010_WE04_A));
QS93	220	30	100	((QUcentralis_P011_WE01_SP,LOduratifolia_P009_WG09_SS),(NNsanchezcolinii_P003_WG03_AHN,QUalveolata_P009_WG11_SP));	((QUcentralis_P011_WE01_SP,NNsanchezcolinii_P003_WG03_AHN),(LOduratifolia_P009_WG09_SS,QUalveolata_P009_WG11_SP));	((QUcentralis_P011_WE01_SP,QUalveolata_P009_WG11_SP),(NNsanchezcolinii_P003_WG03_AHN,LOduratifolia_P009_WG09_SS));
QS94	255	72	31	((QUalveolata_P009_WG11_SP,QUcorrugata_P009_WF07_SP),(QUcentralis_P011_WE01_SP,QUtransmontana_P010_WB11_SP));	((QUalveolata_P009_WG11_SP,QUcentralis_P011_WE01_SP),(QUcorrugata_P009_WF07_SP,QUtransmontana_P010_WB11_SP));	((QUalveolata_P009_WG11_SP,QUtransmontana_P010_WB11_SP),(QUcentralis_P011_WE01_SP,QUcorrugata_P009_WF07_SP));
QS95	312	347	311	((QUperpallida_P009_WB08_A,LOduratifolia_P009_WG09_SS),(QUtoxicodendrifolia_P010_WD05_ANP,QUpilicaulis_P017_WB03_SP));	((QUperpallida_P009_WB08_A,QUtoxicodendrifolia_P010_WD05_ANP),(LOduratifolia_P009_WG09_SS,QUpilicaulis_P017_WB03_SP));	((QUperpallida_P009_WB08_A,QUpilicaulis_P017_WB03_SP),(QUtoxicodendrifolia_P010_WD05_ANP,LOduratifolia_P009_WG09_SS));
QS96	737	103	143	((QUpilicaulis_P017_WB03_SP,QUschenkiana_P004_WE05_SP),(QUtoxicodendrifolia_P010_WD05_ANP,QUcorrugata_P009_WF07_SP));	((QUpilicaulis_P017_WB03_SP,QUtoxicodendrifolia_P010_WD05_ANP),(QUschenkiana_P004_WE05_SP,QUcorrugata_P009_WF07_SP));	((QUpilicaulis_P017_WB03_SP,QUcorrugata_P009_WF07_SP),(QUtoxicodendrifolia_P010_WD05_ANP,QUschenkiana_P004_WE05_SP));
QS97	184	1	0	((QUtoxicodendrifolia_P010_WD05_ANP,QUlyrata_trans_A),(QUoocarpa_P009_WH03_A,QUcorrugata_P009_WF07_SP));	((QUtoxicodendrifolia_P010_WD05_ANP,QUoocarpa_P009_WH03_A),(QUlyrata_trans_A,QUcorrugata_P009_WF07_SP));	((QUtoxicodendrifolia_P010_WD05_ANP,QUcorrugata_P009_WF07_SP),(QUoocarpa_P009_WH03_A,QUlyrata_trans_A));
QS98	530	409	34	((QUoocarpa_P009_WH03_A,LOemoryi_F001_WC12_A),(QUpilicaulis_P017_WB03_SP,QUexcelsa_P010_WE07_SP));	((QUoocarpa_P009_WH03_A,QUpilicaulis_P017_WB03_SP),(LOemoryi_F001_WC12_A,QUexcelsa_P010_WE07_SP));	((QUoocarpa_P009_WH03_A,QUexcelsa_P010_WE07_SP),(QUpilicaulis_P017_WB03_SP,LOemoryi_F001_WC12_A));
QS99	174	7	0	((QUpilicaulis_P017_WB03_SP,ILrotundifolia_P010_WB09_SNS),(QUexcelsa_P010_WE07_SP,QUmartinezii_P011_WF12_A));	((QUpilicaulis_P017_WB03_SP,QUexcelsa_P010_WE07_SP),(ILrotundifolia_P010_WB09_SNS,QUmartinezii_P011_WF12_A));	((QUpilicaulis_P017_WB03_SP,QUmartinezii_P011_WF12_A),(QUexcelsa_P010_WE07_SP,ILrotundifolia_P010_WB09_SNS));
QS100	838	124	30	((QUcorrugata_P009_WF07_SP,VIbrandegeei_P005_WG07_A),(NNhinckleyi_P010_WC07_A,NNcarmenensis_P026_WC01_A));	((QUcorrugata_P009_WF07_SP,NNhinckleyi_P010_WC07_A),(VIbrandegeei_P005_WG07_A,NNcarmenensis_P026_WC01_A));	((QUcorrugata_P009_WF07_SP,NNcarmenensis_P026_WC01_A),(NNhinckleyi_P010_WC07_A,VIbrandegeei_P005_WG07_A));
QS101	75	279	623	((NNhinckleyi_P010_WC07_A,CYsichourensis_P001_WE10_A),(QUverde_P028_WF03_A,QUlaceyi_P011_WF09_A));	((NNhinckleyi_P010_WC07_A,QUverde_P028_WF03_A),(CYsichourensis_P001_WE10_A,QUlaceyi_P011_WF09_A));	((NNhinckleyi_P010_WC07_A,QUlaceyi_P011_WF09_A),(QUverde_P028_WF03_A,CYsichourensis_P001_WE10_A));
QS102	90	181	717	((QUlaceyi_P011_WF09_A,ILtungmaiensis_P003_WE04_SNS),(QUopaca_P022_WG04_A,QUverde_P028_WF03_A));	((QUlaceyi_P011_WF09_A,QUopaca_P022_WG04_A),(ILtungmaiensis_P003_WE04_SNS,QUverde_P028_WF03_A));	((QUlaceyi_P011_WF09_A,QUverde_P028_WF03_A),(QUopaca_P022_WG04_A,ILtungmaiensis_P003_WE04_SNS));
QS103	202	4	321	((QUvaseyana_P002_WC11_A,LOpalustris_trans_A),(QUschenkiana_P004_WE05_SP,QUopaca_P022_WG04_A));	((QUvaseyana_P002_WC11_A,QUschenkiana_P004_WE05_SP),(LOpalustris_trans_A,QUopaca_P022_WG04_A));	((QUvaseyana_P002_WC11_A,QUopaca_P022_WG04_A),(QUschenkiana_P004_WE05_SP,LOpalustris_trans_A));
QS104	684	20	20	((QUopaca_P022_WG04_A,CYoidocarpa_P005_WB02_A),(QUverde_P028_WF03_A,QUvaseyana_P002_WC11_A));	((QUopaca_P022_WG04_A,QUverde_P028_WF03_A),(CYoidocarpa_P005_WB02_A,QUvaseyana_P002_WC11_A));	((QUopaca_P022_WG04_A,QUvaseyana_P002_WC11_A),(QUverde_P028_WF03_A,CYoidocarpa_P005_WB02_A));
QS105	29	0	151	((QUverde_P028_WF03_A,CEithaburensis_P002_WE12_A),(NNcarmenensis_P026_WC01_A,QUvaseyana_P002_WC11_A));	((QUverde_P028_WF03_A,NNcarmenensis_P026_WC01_A),(CEithaburensis_P002_WE12_A,QUvaseyana_P002_WC11_A));	((QUverde_P028_WF03_A,QUvaseyana_P002_WC11_A),(NNcarmenensis_P026_WC01_A,CEithaburensis_P002_WE12_A));
QS106	840	21	33	((QUvaseyana_P002_WC11_A,LOsalicifolia_F001_WD01_A),(NNtinkhamii_P003_WG02_A,QUlaceyi_P011_WF09_A));	((QUvaseyana_P002_WC11_A,NNtinkhamii_P003_WG02_A),(LOsalicifolia_F001_WD01_A,QUlaceyi_P011_WF09_A));	((QUvaseyana_P002_WC11_A,QUlaceyi_P011_WF09_A),(NNtinkhamii_P003_WG02_A,LOsalicifolia_F001_WD01_A));
QS107	443	258	286	((QUhavardii_P010_WE01_A,LOimbricaria_trans_A),(QUpubescens_P011_WF08_A,QUserrata_trans_A));	((QUhavardii_P010_WE01_A,QUpubescens_P011_WF08_A),(LOimbricaria_trans_A,QUserrata_trans_A));	((QUhavardii_P010_WE01_A,QUserrata_trans_A),(QUpubescens_P011_WF08_A,LOimbricaria_trans_A));
QS108	793	60	133	((QUmontana_trans_A,CYschottkyana_trans_A),(QUhartwissiana_P002_WC08_A,QUlusitanica_P017_WB10_SNU));	((QUmontana_trans_A,QUhartwissiana_P002_WC08_A),(CYschottkyana_trans_A,QUlusitanica_P017_WB10_SNU));	((QUmontana_trans_A,QUlusitanica_P017_WB10_SNU),(QUhartwissiana_P002_WC08_A,CYschottkyana_trans_A));
QS109	539	287	143	((QUpubescens_P011_WF08_A,QUlobata_P010_WE03_A),(QUhartwissiana_P002_WC08_A,QUcanariensis_P002_WC10_A));	((QUpubescens_P011_WF08_A,QUhartwissiana_P002_WC08_A),(QUlobata_P010_WE03_A,QUcanariensis_P002_WC10_A));	((QUpubescens_P011_WF08_A,QUcanariensis_P002_WC10_A),(QUhartwissiana_P002_WC08_A,QUlobata_P010_WE03_A));
QS110	178	0	7	((QUcanariensis_P002_WC10_A,LOtrinitatis_P006_WH05_SP),(QUhartwissiana_P002_WC08_A,QUpyrenaica_P009_WB11_A));	((QUcanariensis_P002_WC10_A,QUhartwissiana_P002_WC08_A),(LOtrinitatis_P006_WH05_SP,QUpyrenaica_P009_WB11_A));	((QUcanariensis_P002_WC10_A,QUpyrenaica_P009_WB11_A),(QUhartwissiana_P002_WC08_A,LOtrinitatis_P006_WH05_SP));
QS111	514	410	56	((QUhartwissiana_P002_WC08_A,QUprinopsis_P003_WG05_SP),(QUlusitanica_P017_WB10_SNU,QUpubescens_P011_WF08_A));	((QUhartwissiana_P002_WC08_A,QUlusitanica_P017_WB10_SNU),(QUprinopsis_P003_WG05_SP,QUpubescens_P011_WF08_A));	((QUhartwissiana_P002_WC08_A,QUpubescens_P011_WF08_A),(QUlusitanica_P017_WB10_SNU,QUprinopsis_P003_WG05_SP));
QS112	150	31	2	((QUpubescens_P011_WF08_A,CYsalicina_P011_WF11_A),(QUlusitanica_P017_WB10_SNU,QUcongesta_P017_WB04_A));	((QUpubescens_P011_WF08_A,QUlusitanica_P017_WB10_SNU),(CYsalicina_P011_WF11_A,QUcongesta_P017_WB04_A));	((QUpubescens_P011_WF08_A,QUcongesta_P017_WB04_A),(QUlusitanica_P017_WB10_SNU,CYsalicina_P011_WF11_A));
QS113	275	708	10	((QUlusitanica_P017_WB10_SNU,ILfloribunda_P004_WC09_A),(QUrobur_ref,QUaliena_trans_A));	((QUlusitanica_P017_WB10_SNU,QUrobur_ref),(ILfloribunda_P004_WC09_A,QUaliena_trans_A));	((QUlusitanica_P017_WB10_SNU,QUaliena_trans_A),(QUrobur_ref,ILfloribunda_P004_WC09_A));
QS114	814	152	29	((QUrobur_ref,CThenryi_trans),(QUaliena_trans_A,QUbicolor_trans_A));	((QUrobur_ref,QUaliena_trans_A),(CThenryi_trans,QUbicolor_trans_A));	((QUrobur_ref,QUbicolor_trans_A),(QUaliena_trans_A,CThenryi_trans));
QS115	1000	0	0	((QUgreggii_trans_A,LOfurfuracea_P012_WD01_A),(QUdentata_trans_A,QUaliena_trans_A));	((QUgreggii_trans_A,QUdentata_trans_A),(LOfurfuracea_P012_WD01_A,QUaliena_trans_A));	((QUgreggii_trans_A,QUaliena_trans_A),(QUdentata_trans_A,LOfurfuracea_P012_WD01_A));
QS116	30	135	16	((QUdentata_trans_A,QUdouglasii_P004_WD11_A),(QUaliena_trans_A,QUserrata_trans_A));	((QUdentata_trans_A,QUaliena_trans_A),(QUdouglasii_P004_WD11_A,QUserrata_trans_A));	((QUdentata_trans_A,QUserrata_trans_A),(QUaliena_trans_A,QUdouglasii_P004_WD11_A));
QS117	49	30	913	((QUserrata_trans_A,CYpercoriacea_P005_WB03_A),(QUstellata_trans_A,QUinfectoria_trans_A));	((QUserrata_trans_A,QUstellata_trans_A),(CYpercoriacea_P005_WB03_A,QUinfectoria_trans_A));	((QUserrata_trans_A,QUinfectoria_trans_A),(QUstellata_trans_A,CYpercoriacea_P005_WB03_A));
QS118	367	570	41	((QUfrainetto_trans_A,ILyiwuensis_P003_WE05_HN),(QUmacrocarpa_trans_A,QUboyntonii_trans_A));	((QUfrainetto_trans_A,QUmacrocarpa_trans_A),(ILyiwuensis_P003_WE05_HN,QUboyntonii_trans_A));	((QUfrainetto_trans_A,QUboyntonii_trans_A),(QUmacrocarpa_trans_A,ILyiwuensis_P003_WE05_HN));
QS119	900	33	54	((QUboyntonii_trans_A,LObuckleyi_P026_WB11_A),(QUmuehlenbergii_trans_A,QUbicolor_trans_A));	((QUboyntonii_trans_A,QUmuehlenbergii_trans_A),(LObuckleyi_P026_WB11_A,QUbicolor_trans_A));	((QUboyntonii_trans_A,QUbicolor_trans_A),(QUmuehlenbergii_trans_A,LObuckleyi_P026_WB11_A));
QS120	368	0	0	((QUmuehlenbergii_trans_A,QUprinoides_P008_WF02_A),(QUlyrata_trans_A,QUmacrocarpa_trans_A));	((QUmuehlenbergii_trans_A,QUlyrata_trans_A),(QUprinoides_P008_WF02_A,QUmacrocarpa_trans_A));	((QUmuehlenbergii_trans_A,QUmacrocarpa_trans_A),(QUlyrata_trans_A,QUprinoides_P008_WF02_A));
QS121	176	8	0	((QUmacrocarpa_trans_A,CEcastaneifolia_P002_WC06_A),(QUbicolor_trans_A,QUlyrata_trans_A));	((QUmacrocarpa_trans_A,QUbicolor_trans_A),(CEcastaneifolia_P002_WC06_A,QUlyrata_trans_A));	((QUmacrocarpa_trans_A,QUlyrata_trans_A),(QUbicolor_trans_A,CEcastaneifolia_P002_WC06_A));
QS122	63	221	691	((QUbicolor_trans_A,CYmespilifolia_P005_WG09_A),(QUgreggii_trans_A,NNmichauxii_trans_A));	((QUbicolor_trans_A,QUgreggii_trans_A),(CYmespilifolia_P005_WG09_A,NNmichauxii_trans_A));	((QUbicolor_trans_A,NNmichauxii_trans_A),(QUgreggii_trans_A,CYmespilifolia_P005_WG09_A));
QS123	275	408	295	((QUalba_trans_A,CYaugustinii_P010_WE11_A),(QUboyntonii_trans_A,QUgreggii_trans_A));	((QUalba_trans_A,QUboyntonii_trans_A),(CYaugustinii_P010_WE11_A,QUgreggii_trans_A));	((QUalba_trans_A,QUgreggii_trans_A),(QUboyntonii_trans_A,CYaugustinii_P010_WE11_A));
QS124	364	0	3	((QUgreggii_trans_A,LOrugulosa_P003_WG04_SS),(QUstellata_trans_A,QUboyntonii_trans_A));	((QUgreggii_trans_A,QUstellata_trans_A),(LOrugulosa_P003_WG04_SS,QUboyntonii_trans_A));	((QUgreggii_trans_A,QUboyntonii_trans_A),(QUstellata_trans_A,LOrugulosa_P003_WG04_SS));
QS125	220	127	13	((QUboyntonii_trans_A,CYtiaoloshanica_P001_WD07_A),(QUgreggii_trans_A,QUgarryana_trans_A));	((QUboyntonii_trans_A,QUgreggii_trans_A),(CYtiaoloshanica_P001_WD07_A,QUgarryana_trans_A));	((QUboyntonii_trans_A,QUgarryana_trans_A),(QUgreggii_trans_A,CYtiaoloshanica_P001_WD07_A));
QS126	865	26	102	((QUboyntonii_trans_A,CYhondae_P005_WD07_A),(NNmichauxii_trans_A,QUmontana_trans_A));	((QUboyntonii_trans_A,NNmichauxii_trans_A),(CYhondae_P005_WD07_A,QUmontana_trans_A));	((QUboyntonii_trans_A,QUmontana_trans_A),(NNmichauxii_trans_A,CYhondae_P005_WD07_A));
QS127	92	84	0	((QUmontana_trans_A,NNcarmenensis_P026_WC01_A),(NNmichauxii_trans_A,QUalba_trans_A));	((QUmontana_trans_A,NNmichauxii_trans_A),(NNcarmenensis_P026_WC01_A,QUalba_trans_A));	((QUmontana_trans_A,QUalba_trans_A),(NNmichauxii_trans_A,NNcarmenensis_P026_WC01_A));
QS128	977	15	8	((QUgreggii_trans_A,LOduratifolia_P009_WG09_SS),(QUpetraea_trans_A,QUinfectoria_trans_A));	((QUgreggii_trans_A,QUpetraea_trans_A),(LOduratifolia_P009_WG09_SS,QUinfectoria_trans_A));	((QUgreggii_trans_A,QUinfectoria_trans_A),(QUpetraea_trans_A,LOduratifolia_P009_WG09_SS));
QS129	88	92	0	((QUpetraea_trans_A,QUmontana_trans_A),(QUfrainetto_trans_A,QUinfectoria_trans_A));	((QUpetraea_trans_A,QUfrainetto_trans_A),(QUmontana_trans_A,QUinfectoria_trans_A));	((QUpetraea_trans_A,QUinfectoria_trans_A),(QUfrainetto_trans_A,QUmontana_trans_A));
QS130	576	241	154	((QUoocarpa_P009_WH03_A,CYmerrillii_P005_WD01_A),(QUdumosa_P010_WC12_A,QUlobata_P010_WE03_A));	((QUoocarpa_P009_WH03_A,QUdumosa_P010_WC12_A),(CYmerrillii_P005_WD01_A,QUlobata_P010_WE03_A));	((QUoocarpa_P009_WH03_A,QUlobata_P010_WE03_A),(QUdumosa_P010_WC12_A,CYmerrillii_P005_WD01_A));
QS131	181	3	1	((QUlobata_P010_WE03_A,CEithaburensis_P002_WE12_A),(QUdouglasii_P004_WD11_A,QUdumosa_P010_WC12_A));	((QUlobata_P010_WE03_A,QUdouglasii_P004_WD11_A),(CEithaburensis_P002_WE12_A,QUdumosa_P010_WC12_A));	((QUlobata_P010_WE03_A,QUdumosa_P010_WC12_A),(QUdouglasii_P004_WD11_A,CEithaburensis_P002_WE12_A));
QS132	1000	0	0	((QUoglethorpensis_P008_WF03_A,CYsalicina_P011_WF11_A),(VIvirginiana_trans_A,VIbrandegeei_P005_WG07_A));	((QUoglethorpensis_P008_WF03_A,VIvirginiana_trans_A),(CYsalicina_P011_WF11_A,VIbrandegeei_P005_WG07_A));	((QUoglethorpensis_P008_WF03_A,VIbrandegeei_P005_WG07_A),(VIvirginiana_trans_A,CYsalicina_P011_WF11_A));
QS133	909	75	8	((QUlobata_P010_WE03_A,LOshumardii_trans_A),(POpontica_P002_WC09_A,POsadleriana_P009_WD05_A));	((QUlobata_P010_WE03_A,POpontica_P002_WC09_A),(LOshumardii_trans_A,POsadleriana_P009_WD05_A));	((QUlobata_P010_WE03_A,POsadleriana_P009_WD05_A),(POpontica_P002_WC09_A,LOshumardii_trans_A));
QS134	736	175	88	((VIbrandegeei_P005_WG07_A,LOradiata_P011_WE09_A),(PRcedrosensis_trans_A,PRpalmeri_P002_WC12_A));	((VIbrandegeei_P005_WG07_A,PRcedrosensis_trans_A),(LOradiata_P011_WE09_A,PRpalmeri_P002_WC12_A));	((VIbrandegeei_P005_WG07_A,PRpalmeri_P002_WC12_A),(PRcedrosensis_trans_A,LOradiata_P011_WE09_A));
QS135	146	218	2	((PRpalmeri_P002_WC12_A,QUperpallida_P009_WB08_A),(PRvaccinifolia_P005_WB06_A,PRchrysolepis_trans_A));	((PRpalmeri_P002_WC12_A,PRvaccinifolia_P005_WB06_A),(QUperpallida_P009_WB08_A,PRchrysolepis_trans_A));	((PRpalmeri_P002_WC12_A,PRchrysolepis_trans_A),(PRvaccinifolia_P005_WB06_A,QUperpallida_P009_WB08_A));
QS136	145	40	0	((PRvaccinifolia_P005_WB06_A,LOhumboldtii_P004_WD04_A),(PRchrysolepis_trans_A,PRcedrosensis_trans_A));	((PRvaccinifolia_P005_WB06_A,PRchrysolepis_trans_A),(LOhumboldtii_P004_WD04_A,PRcedrosensis_trans_A));	((PRvaccinifolia_P005_WB06_A,PRcedrosensis_trans_A),(PRchrysolepis_trans_A,LOhumboldtii_P004_WD04_A));
QS137	1000	0	0	((QUcorrugata_P009_WF07_SP,CYkouangsiensis_P001_WE08_A),(LOpalustris_trans_A,NNmulleri_P017_WA12_SNS));	((QUcorrugata_P009_WF07_SP,LOpalustris_trans_A),(CYkouangsiensis_P001_WE08_A,NNmulleri_P017_WA12_SNS));	((QUcorrugata_P009_WF07_SP,NNmulleri_P017_WA12_SNS),(LOpalustris_trans_A,CYkouangsiensis_P001_WE08_A));
QS138	780	212	8	((LOradiata_P011_WE09_A,CYtiaoloshanica_P001_WD07_A),(LObenthamii_trans_A,LOshumardii_trans_A));	((LOradiata_P011_WE09_A,LObenthamii_trans_A),(CYtiaoloshanica_P001_WD07_A,LOshumardii_trans_A));	((LOradiata_P011_WE09_A,LOshumardii_trans_A),(LObenthamii_trans_A,CYtiaoloshanica_P001_WD07_A));
QS139	780	18	196	((LObenthamii_trans_A,CYchrysotricha_P017_WB09_A),(LOpalustris_trans_A,LOphellos_trans_A));	((LObenthamii_trans_A,LOpalustris_trans_A),(CYchrysotricha_P017_WB09_A,LOphellos_trans_A));	((LObenthamii_trans_A,LOphellos_trans_A),(LOpalustris_trans_A,CYchrysotricha_P017_WB09_A));
QS140	778	52	151	((LOpalustris_trans_A,ILkongshanensis_P001_WG09_SNP),(LOfalcata_trans_A,LOvelutina_trans_A));	((LOpalustris_trans_A,LOfalcata_trans_A),(ILkongshanensis_P001_WG09_SNP,LOvelutina_trans_A));	((LOpalustris_trans_A,LOvelutina_trans_A),(LOfalcata_trans_A,ILkongshanensis_P001_WG09_SNP));
QS141	474	288	224	((LOvelutina_trans_A,CYsalicina_P011_WF11_A),(LOmarilandica_trans_A,LOfalcata_trans_A));	((LOvelutina_trans_A,LOmarilandica_trans_A),(CYsalicina_P011_WF11_A,LOfalcata_trans_A));	((LOvelutina_trans_A,LOfalcata_trans_A),(LOmarilandica_trans_A,CYsalicina_P011_WF11_A));
QS142	379	18	582	((LOfalcata_trans_A,QUalba_trans_A),(LOellipsoidalis_trans_A,LOimbricaria_trans_A));	((LOfalcata_trans_A,LOellipsoidalis_trans_A),(QUalba_trans_A,LOimbricaria_trans_A));	((LOfalcata_trans_A,LOimbricaria_trans_A),(LOellipsoidalis_trans_A,QUalba_trans_A));
QS143	32	333	1	((LOphellos_trans_A,CYsalicina_P011_WF11_A),(LOmarilandica_trans_A,LOellipsoidalis_trans_A));	((LOphellos_trans_A,LOmarilandica_trans_A),(CYsalicina_P011_WF11_A,LOellipsoidalis_trans_A));	((LOphellos_trans_A,LOellipsoidalis_trans_A),(LOmarilandica_trans_A,CYsalicina_P011_WF11_A));
QS144	246	4	102	((LOellipsoidalis_trans_A,LOrapurahuensis_P011_WG12_SS),(LOimbricaria_trans_A,LOphellos_trans_A));	((LOellipsoidalis_trans_A,LOimbricaria_trans_A),(LOrapurahuensis_P011_WG12_SS,LOphellos_trans_A));	((LOellipsoidalis_trans_A,LOphellos_trans_A),(LOimbricaria_trans_A,LOrapurahuensis_P011_WG12_SS));
QS145	517	456	11	((LOphellos_trans_A,LOradiata_P011_WE09_A),(LOnigra_trans_A,LOarkansana_trans_A));	((LOphellos_trans_A,LOnigra_trans_A),(LOradiata_P011_WE09_A,LOarkansana_trans_A));	((LOphellos_trans_A,LOarkansana_trans_A),(LOnigra_trans_A,LOradiata_P011_WE09_A));
QS146	4	0	181	((LOnigra_trans_A,NNtinkhamii_P003_WG02_A),(LOarkansana_trans_A,LOfalcata_trans_A));	((LOnigra_trans_A,LOarkansana_trans_A),(NNtinkhamii_P003_WG02_A,LOfalcata_trans_A));	((LOnigra_trans_A,LOfalcata_trans_A),(LOarkansana_trans_A,NNtinkhamii_P003_WG02_A));
QS147	969	23	4	((LOphellos_trans_A,LOfloccosa_P022_WH04_A),(LOshumardii_trans_A,LOvelutina_trans_A));	((LOphellos_trans_A,LOshumardii_trans_A),(LOfloccosa_P022_WH04_A,LOvelutina_trans_A));	((LOphellos_trans_A,LOvelutina_trans_A),(LOshumardii_trans_A,LOfloccosa_P022_WH04_A));
QS148	458	153	369	((LObenthamii_trans_A,QUcanariensis_P002_WC10_A),(LOgrahamii_P011_WC11_A,LObuckleyi_P026_WB11_A));	((LObenthamii_trans_A,LOgrahamii_P011_WC11_A),(QUcanariensis_P002_WC10_A,LObuckleyi_P026_WB11_A));	((LObenthamii_trans_A,LObuckleyi_P026_WB11_A),(LOgrahamii_P011_WC11_A,QUcanariensis_P002_WC10_A));
QS149	970	11	14	((LObuckleyi_P026_WB11_A,CYrex_P001_WD08_A),(LOacutifolia_F002_WG09_A,LOrugulosa_P003_WG04_SS));	((LObuckleyi_P026_WB11_A,LOacutifolia_F002_WG09_A),(CYrex_P001_WD08_A,LOrugulosa_P003_WG04_SS));	((LObuckleyi_P026_WB11_A,LOrugulosa_P003_WG04_SS),(LOacutifolia_F002_WG09_A,CYrex_P001_WD08_A));
QS150	94	659	228	((LOacutifolia_F002_WG09_A,CYchungii_P010_WC03_A),(LOfurfuracea_P012_WD01_A,LOcoahuilensis_P022_WH05_A));	((LOacutifolia_F002_WG09_A,LOfurfuracea_P012_WD01_A),(CYchungii_P010_WC03_A,LOcoahuilensis_P022_WH05_A));	((LOacutifolia_F002_WG09_A,LOcoahuilensis_P022_WH05_A),(LOfurfuracea_P012_WD01_A,CYchungii_P010_WC03_A));
QS151	610	110	258	((LOcoahuilensis_P022_WH05_A,QUserrata_trans_A),(LOeugeniifolia_P012_WC09_SP,LOemoryi_F001_WC12_A));	((LOcoahuilensis_P022_WH05_A,LOeugeniifolia_P012_WC09_SP),(QUserrata_trans_A,LOemoryi_F001_WC12_A));	((LOcoahuilensis_P022_WH05_A,LOemoryi_F001_WC12_A),(LOeugeniifolia_P012_WC09_SP,QUserrata_trans_A));
QS152	269	407	298	((LOtridens_P004_WE06_SS,ILgracilis_P010_WF01_SNP),(LOrugulosa_P003_WG04_SS,LOgaleanensis_P012_WC12_A));	((LOtridens_P004_WE06_SS,LOrugulosa_P003_WG04_SS),(ILgracilis_P010_WF01_SNP,LOgaleanensis_P012_WC12_A));	((LOtridens_P004_WE06_SS,LOgaleanensis_P012_WC12_A),(LOrugulosa_P003_WG04_SS,ILgracilis_P010_WF01_SNP));
QS153	283	386	301	((NNlowilliamsii_P017_WB01_SP,CYpentacycla_P001_WE11_A),(LOfloccosa_P022_WH04_A,LOgraciliformis_P012_WB07_SP));	((NNlowilliamsii_P017_WB01_SP,LOfloccosa_P022_WH04_A),(CYpentacycla_P001_WE11_A,LOgraciliformis_P012_WB07_SP));	((NNlowilliamsii_P017_WB01_SP,LOgraciliformis_P012_WB07_SP),(LOfloccosa_P022_WH04_A,CYpentacycla_P001_WE11_A));
QS154	640	132	199	((LOtardifolia_P011_WG06_A,QUpyrenaica_P009_WB11_A),(LOeugeniifolia_P012_WC09_SP,LOfloccosa_P022_WH04_A));	((LOtardifolia_P011_WG06_A,LOeugeniifolia_P012_WC09_SP),(QUpyrenaica_P009_WB11_A,LOfloccosa_P022_WH04_A));	((LOtardifolia_P011_WG06_A,LOfloccosa_P022_WH04_A),(LOeugeniifolia_P012_WC09_SP,QUpyrenaica_P009_WB11_A));
QS155	271	49	30	((LOfloccosa_P022_WH04_A,CEtrojana_P002_WF07_A),(LOeugeniifolia_P012_WC09_SP,LOtrinitatis_P006_WH05_SP));	((LOfloccosa_P022_WH04_A,LOeugeniifolia_P012_WC09_SP),(CEtrojana_P002_WF07_A,LOtrinitatis_P006_WH05_SP));	((LOfloccosa_P022_WH04_A,LOtrinitatis_P006_WH05_SP),(LOeugeniifolia_P012_WC09_SP,CEtrojana_P002_WF07_A));
QS156	123	71	154	((LOtrinitatis_P006_WH05_SP,NNliaoi_P002_WF06_A),(LOtristis_P009_WG12_SP,LOfloccosa_P022_WH04_A));	((LOtrinitatis_P006_WH05_SP,LOtristis_P009_WG12_SP),(NNliaoi_P002_WF06_A,LOfloccosa_P022_WH04_A));	((LOtrinitatis_P006_WH05_SP,LOfloccosa_P022_WH04_A),(LOtristis_P009_WG12_SP,NNliaoi_P002_WF06_A));
QS157	290	353	319	((LOfloccosa_P022_WH04_A,LOhumboldtii_P004_WD04_A),(LOgraciliformis_P012_WB07_SP,LOacherdophylla_P009_WD01_A));	((LOfloccosa_P022_WH04_A,LOgraciliformis_P012_WB07_SP),(LOhumboldtii_P004_WD04_A,LOacherdophylla_P009_WD01_A));	((LOfloccosa_P022_WH04_A,LOacherdophylla_P009_WD01_A),(LOgraciliformis_P012_WB07_SP,LOhumboldtii_P004_WD04_A));
QS158	353	0	14	((LOrugulosa_P003_WG04_SS,CYlonginux_F003_WC07_A),(LOgraciliformis_P012_WB07_SP,LOtardifolia_P011_WG06_A));	((LOrugulosa_P003_WG04_SS,LOgraciliformis_P012_WB07_SP),(CYlonginux_F003_WC07_A,LOtardifolia_P011_WG06_A));	((LOrugulosa_P003_WG04_SS,LOtardifolia_P011_WG06_A),(LOgraciliformis_P012_WB07_SP,CYlonginux_F003_WC07_A));
QS159	233	108	16	((LOtardifolia_P011_WG06_A,POpontica_P002_WC09_A),(LOacherdophylla_P009_WD01_A,LOrugulosa_P003_WG04_SS));	((LOtardifolia_P011_WG06_A,LOacherdophylla_P009_WD01_A),(POpontica_P002_WC09_A,LOrugulosa_P003_WG04_SS));	((LOtardifolia_P011_WG06_A,LOrugulosa_P003_WG04_SS),(LOacherdophylla_P009_WD01_A,POpontica_P002_WC09_A));
QS160	175	382	415	((LOgraciliformis_P012_WB07_SP,QUdentata_trans_A),(LOgrahamii_P011_WC11_A,LOfurfuracea_P012_WD01_A));	((LOgraciliformis_P012_WB07_SP,LOgrahamii_P011_WC11_A),(QUdentata_trans_A,LOfurfuracea_P012_WD01_A));	((LOgraciliformis_P012_WB07_SP,LOfurfuracea_P012_WD01_A),(LOgrahamii_P011_WC11_A,QUdentata_trans_A));
QS161	515	281	177	((LOfurfuracea_P012_WD01_A,CYpercoriacea_P005_WB03_A),(LOknoblochii_P022_WG07_HN,LOrapurahuensis_P011_WG12_SS));	((LOfurfuracea_P012_WD01_A,LOknoblochii_P022_WG07_HN),(CYpercoriacea_P005_WB03_A,LOrapurahuensis_P011_WG12_SS));	((LOfurfuracea_P012_WD01_A,LOrapurahuensis_P011_WG12_SS),(LOknoblochii_P022_WG07_HN,CYpercoriacea_P005_WB03_A));
QS162	498	105	366	((LOsalicifolia_F001_WD01_A,LOacutifolia_F002_WG09_A),(LOsartorii_P009_WG10_ANP,LOradiata_P011_WE09_A));	((LOsalicifolia_F001_WD01_A,LOsartorii_P009_WG10_ANP),(LOacutifolia_F002_WG09_A,LOradiata_P011_WE09_A));	((LOsalicifolia_F001_WD01_A,LOradiata_P011_WE09_A),(LOsartorii_P009_WG10_ANP,LOacutifolia_F002_WG09_A));
QS163	133	216	11	((LOknoblochii_P022_WG07_HN,NNmulleri_P017_WA12_SNS),(LOgrahamii_P011_WC11_A,LOsartorii_P009_WG10_ANP));	((LOknoblochii_P022_WG07_HN,LOgrahamii_P011_WC11_A),(NNmulleri_P017_WA12_SNS,LOsartorii_P009_WG10_ANP));	((LOknoblochii_P022_WG07_HN,LOsartorii_P009_WG10_ANP),(LOgrahamii_P011_WC11_A,NNmulleri_P017_WA12_SNS));
QS164	353	0	13	((LOsartorii_P009_WG10_ANP,CThenryi_trans),(LOknoblochii_P022_WG07_HN,LOradiata_P011_WE09_A));	((LOsartorii_P009_WG10_ANP,LOknoblochii_P022_WG07_HN),(CThenryi_trans,LOradiata_P011_WE09_A));	((LOsartorii_P009_WG10_ANP,LOradiata_P011_WE09_A),(LOknoblochii_P022_WG07_HN,CThenryi_trans));
QS165	233	424	316	((LOsartorii_P009_WG10_ANP,CYpercoriacea_P005_WB03_A),(LOvexans_P028_WF04_SP,LOgulielmi_treleasei_P009_WD06_A));	((LOsartorii_P009_WG10_ANP,LOvexans_P028_WF04_SP),(CYpercoriacea_P005_WB03_A,LOgulielmi_treleasei_P009_WD06_A));	((LOsartorii_P009_WG10_ANP,LOgulielmi_treleasei_P009_WD06_A),(LOvexans_P028_WF04_SP,CYpercoriacea_P005_WB03_A));
QS166	682	173	121	((LOvexans_P028_WF04_SP,PRpalmeri_P002_WC12_A),(LOpaxtalensis_P009_WG08_SNP,LOuxoris_P010_WE08_A));	((LOvexans_P028_WF04_SP,LOpaxtalensis_P009_WG08_SNP),(PRpalmeri_P002_WC12_A,LOuxoris_P010_WE08_A));	((LOvexans_P028_WF04_SP,LOuxoris_P010_WE08_A),(LOpaxtalensis_P009_WG08_SNP,PRpalmeri_P002_WC12_A));
QS167	473	162	329	((LOgulielmi_treleasei_P009_WD06_A,CYpachyloma_P005_WG08_A),(LOnixoniana_P011_WE11_A,LOsalicifolia_F001_WD01_A));	((LOgulielmi_treleasei_P009_WD06_A,LOnixoniana_P011_WE11_A),(CYpachyloma_P005_WG08_A,LOsalicifolia_F001_WD01_A));	((LOgulielmi_treleasei_P009_WD06_A,LOsalicifolia_F001_WD01_A),(LOnixoniana_P011_WE11_A,CYpachyloma_P005_WG08_A));
QS168	294	63	4	((LOnixoniana_P011_WE11_A,CYchungii_P010_WC03_A),(LOsalicifolia_F001_WD01_A,NNmulleri_P017_WA12_SNS));	((LOnixoniana_P011_WE11_A,LOsalicifolia_F001_WD01_A),(CYchungii_P010_WC03_A,NNmulleri_P017_WA12_SNS));	((LOnixoniana_P011_WE11_A,NNmulleri_P017_WA12_SNS),(LOsalicifolia_F001_WD01_A,CYchungii_P010_WC03_A));
QS169	94	0	86	((LOsalicifolia_F001_WD01_A,ILlongispica_P009_WC12_SNP),(LOpaxtalensis_P009_WG08_SNP,NNmulleri_P017_WA12_SNS));	((LOsalicifolia_F001_WD01_A,LOpaxtalensis_P009_WG08_SNP),(ILlongispica_P009_WC12_SNP,NNmulleri_P017_WA12_SNS));	((LOsalicifolia_F001_WD01_A,NNmulleri_P017_WA12_SNS),(LOpaxtalensis_P009_WG08_SNP,ILlongispica_P009_WC12_SNP));
QS170	143	544	264	((LOpaxtalensis_P009_WG08_SNP,CYdaimingshanensis_P003_WE02_A),(LOuxoris_P010_WE08_A,LOtonduzii_P017_WB02_ANP));	((LOpaxtalensis_P009_WG08_SNP,LOuxoris_P010_WE08_A),(CYdaimingshanensis_P003_WE02_A,LOtonduzii_P017_WB02_ANP));	((LOpaxtalensis_P009_WG08_SNP,LOtonduzii_P017_WB02_ANP),(LOuxoris_P010_WE08_A,CYdaimingshanensis_P003_WE02_A));
QS171	625	100	258	((LOuxoris_P010_WE08_A,LPcraibianus_P001_WB11),(LOhumboldtii_P004_WD04_A,LOgracilior_P011_WG09_A));	((LOuxoris_P010_WE08_A,LOhumboldtii_P004_WD04_A),(LPcraibianus_P001_WB11,LOgracilior_P011_WG09_A));	((LOuxoris_P010_WE08_A,LOgracilior_P011_WG09_A),(LOhumboldtii_P004_WD04_A,LPcraibianus_P001_WB11));
QS172	352	445	176	((LOgracilior_P011_WG09_A,QUpubescens_P011_WF08_A),(LOtonduzii_P017_WB02_ANP,LOduratifolia_P009_WG09_SS));	((LOgracilior_P011_WG09_A,LOtonduzii_P017_WB02_ANP),(QUpubescens_P011_WF08_A,LOduratifolia_P009_WG09_SS));	((LOgracilior_P011_WG09_A,LOduratifolia_P009_WG09_SS),(LOtonduzii_P017_WB02_ANP,QUpubescens_P011_WF08_A));
QS173	289	49	24	((LOhumboldtii_P004_WD04_A,LOmarilandica_trans_A),(LOtonduzii_P017_WB02_ANP,NNlowilliamsii_P017_WB01_SP));	((LOhumboldtii_P004_WD04_A,LOtonduzii_P017_WB02_ANP),(LOmarilandica_trans_A,NNlowilliamsii_P017_WB01_SP));	((LOhumboldtii_P004_WD04_A,NNlowilliamsii_P017_WB01_SP),(LOtonduzii_P017_WB02_ANP,LOmarilandica_trans_A));
QS174	143	221	1	((NNlowilliamsii_P017_WB01_SP,LOtrinitatis_P006_WH05_SP),(LOhumboldtii_P004_WD04_A,LOduratifolia_P009_WG09_SS));	((NNlowilliamsii_P017_WB01_SP,LOhumboldtii_P004_WD04_A),(LOtrinitatis_P006_WH05_SP,LOduratifolia_P009_WG09_SS));	((NNlowilliamsii_P017_WB01_SP,LOduratifolia_P009_WG09_SS),(LOhumboldtii_P004_WD04_A,LOtrinitatis_P006_WH05_SP));
QS175	717	228	37	((LOtonduzii_P017_WB02_ANP,ILspinosa_P011_WF10_A),(LOgulielmi_treleasei_P009_WD06_A,LOrapurahuensis_P011_WG12_SS));	((LOtonduzii_P017_WB02_ANP,LOgulielmi_treleasei_P009_WD06_A),(ILspinosa_P011_WF10_A,LOrapurahuensis_P011_WG12_SS));	((LOtonduzii_P017_WB02_ANP,LOrapurahuensis_P011_WG12_SS),(LOgulielmi_treleasei_P009_WD06_A,ILspinosa_P011_WF10_A));
QS176	18	70	81	((LOgulielmi_treleasei_P009_WD06_A,CYsalicina_P011_WF11_A),(LOrapurahuensis_P011_WG12_SS,LOgracilior_P011_WG09_A));	((LOgulielmi_treleasei_P009_WD06_A,LOrapurahuensis_P011_WG12_SS),(CYsalicina_P011_WF11_A,LOgracilior_P011_WG09_A));	((LOgulielmi_treleasei_P009_WD06_A,LOgracilior_P011_WG09_A),(LOrapurahuensis_P011_WG12_SS,CYsalicina_P011_WF11_A));
QS177	718	222	27	((LOsartorii_P009_WG10_ANP,PRvaccinifolia_P005_WB06_A),(LOgaleanensis_P012_WC12_A,LOfurfuracea_P012_WD01_A));	((LOsartorii_P009_WG10_ANP,LOgaleanensis_P012_WC12_A),(PRvaccinifolia_P005_WB06_A,LOfurfuracea_P012_WD01_A));	((LOsartorii_P009_WG10_ANP,LOfurfuracea_P012_WD01_A),(LOgaleanensis_P012_WC12_A,PRvaccinifolia_P005_WB06_A));
QS178	763	17	195	((LOsartorii_P009_WG10_ANP,CEvariabilis_trans_A),(NNflocculenta_P018_WA07_A,LOemoryi_F001_WC12_A));	((LOsartorii_P009_WG10_ANP,NNflocculenta_P018_WA07_A),(CEvariabilis_trans_A,LOemoryi_F001_WC12_A));	((LOsartorii_P009_WG10_ANP,LOemoryi_F001_WC12_A),(NNflocculenta_P018_WA07_A,CEvariabilis_trans_A));
QS179	165	8	9	((NNflocculenta_P018_WA07_A,CYthomsoniana_P005_WB01_A),(LOtridens_P004_WE06_SS,LOemoryi_F001_WC12_A));	((NNflocculenta_P018_WA07_A,LOtridens_P004_WE06_SS),(CYthomsoniana_P005_WB01_A,LOemoryi_F001_WC12_A));	((NNflocculenta_P018_WA07_A,LOemoryi_F001_WC12_A),(LOtridens_P004_WE06_SS,CYthomsoniana_P005_WB01_A));
QS180	283	609	85	((LOknoblochii_P022_WG07_HN,ILhandeliana_P001_WG10_SNS),(LOmexicana_F001_WD02_A,LOmiquihuanensis_P002_WD01_A));	((LOknoblochii_P022_WG07_HN,LOmexicana_F001_WD02_A),(ILhandeliana_P001_WG10_SNS,LOmiquihuanensis_P002_WD01_A));	((LOknoblochii_P022_WG07_HN,LOmiquihuanensis_P002_WD01_A),(LOmexicana_F001_WD02_A,ILhandeliana_P001_WG10_SNS));
QS181	83	157	293	((LOmexicana_F001_WD02_A,CYpercoriacea_P005_WB03_A),(LOpinnativenulosa_P009_WB07_A,LOmiquihuanensis_P002_WD01_A));	((LOmexicana_F001_WD02_A,LOpinnativenulosa_P009_WB07_A),(CYpercoriacea_P005_WB03_A,LOmiquihuanensis_P002_WD01_A));	((LOmexicana_F001_WD02_A,LOmiquihuanensis_P002_WD01_A),(LOpinnativenulosa_P009_WB07_A,CYpercoriacea_P005_WB03_A));
QS182	278	0	84	((LOpinnativenulosa_P009_WB07_A,CYrex_P001_WD08_A),(LOcoahuilensis_P022_WH05_A,LOmiquihuanensis_P002_WD01_A));	((LOpinnativenulosa_P009_WB07_A,LOcoahuilensis_P022_WH05_A),(CYrex_P001_WD08_A,LOmiquihuanensis_P002_WD01_A));	((LOpinnativenulosa_P009_WB07_A,LOmiquihuanensis_P002_WD01_A),(LOcoahuilensis_P022_WH05_A,CYrex_P001_WD08_A));
QS183	85	42	52	((LOmiquihuanensis_P002_WD01_A,ILfloribunda_P004_WC09_A),(LOhintoniorum_P004_WD12_A,LOcoahuilensis_P022_WH05_A));	((LOmiquihuanensis_P002_WD01_A,LOhintoniorum_P004_WD12_A),(ILfloribunda_P004_WC09_A,LOcoahuilensis_P022_WH05_A));	((LOmiquihuanensis_P002_WD01_A,LOcoahuilensis_P022_WH05_A),(LOhintoniorum_P004_WD12_A,ILfloribunda_P004_WC09_A));
QS184	937	46	13	((LOvexans_P028_WF04_SP,CEithaburensis_P002_WE12_A),(LObuckleyi_P026_WB11_A,LOacerifolia_P011_WH03_A));	((LOvexans_P028_WF04_SP,LObuckleyi_P026_WB11_A),(CEithaburensis_P002_WE12_A,LOacerifolia_P011_WH03_A));	((LOvexans_P028_WF04_SP,LOacerifolia_P011_WH03_A),(LObuckleyi_P026_WB11_A,CEithaburensis_P002_WE12_A));
QS185	1000	0	0	((CEsuber_ref,CPdelavayi_trans),(LPannamensis_P001_WB08,LPcraibianus_P001_WB11));	((CEsuber_ref,LPannamensis_P001_WB08),(CPdelavayi_trans,LPcraibianus_P001_WB11));	((CEsuber_ref,LPcraibianus_P001_WB11),(LPannamensis_P001_WB08,CPdelavayi_trans));
QS186	185	0	0	((LPannamensis_P001_WB08,CYchapensis_P010_WE04_A),(LPhenryi_P020_WA08,LPcraibianus_P001_WB11));	((LPannamensis_P001_WB08,LPhenryi_P020_WA08),(CYchapensis_P010_WE04_A,LPcraibianus_P001_WB11));	((LPannamensis_P001_WB08,LPcraibianus_P001_WB11),(LPhenryi_P020_WA08,CYchapensis_P010_WE04_A));
